DateTime,temperature,pressure,flow_rate,vibration_level,valve_position,motor_speed,chemical_concentration
2025-02-01 00:00:00,72.15663211706679,2.844295813593892,116.94592507733871,0.0288771059863186,76.6698260320358,1500.9703383283654,137.90905573436586
2025-02-01 00:01:00,76.1983887636236,2.7776971309562217,125.26814332353838,0.0145192369811344,75.87067593067411,1427.0478576424805,193.1936709849044
2025-02-01 00:02:00,61.76740713698142,2.4304719486870368,117.674389346601,-0.0153028368745884,70.23181094163125,1390.6641042075885,191.1190679619244
2025-02-01 00:03:00,79.13097895660897,2.7821629175974696,132.27199935358718,0.0185825477520145,81.15817832574879,1404.9323697816365,193.7348978814323
2025-02-01 00:04:00,118.37390834197848,3.790858861978854,186.1962169598645,0.0592808886970522,135.500117635276,2290.2937627804035,326.39236000807267
2025-02-01 00:05:00,76.92095908375299,2.534613198331551,140.7669692973099,0.0204508031099303,74.60543910025687,1575.2893450829506,159.35470225161956
2025-02-01 00:06:00,74.88349528236915,3.030355261629138,140.6409868160631,0.0136440640472681,79.64700841987492,1545.9138484778944,158.3392756804028
2025-02-01 00:07:00,78.8358513919743,2.209365529380704,111.48154438602324,0.0137046534662752,77.50514930457229,1391.5317223476882,160.2183499369625
2025-02-01 00:08:00,79.25498787576419,2.6516500509097023,128.6655758220353,0.0317858378164086,77.25284086241868,1540.8107013458769,172.08889558427654
2025-02-01 00:09:00,83.00164937360634,2.5262698696152266,114.41769979430156,0.0353758279405326,85.28311665361812,1393.2787234898717,181.24958362608
2025-02-01 00:10:00,69.51805784649218,2.6377770998995613,120.5798964268614,0.0051373811937499,76.98753427766106,1363.2790012281305,246.25081272198867
2025-02-01 00:11:00,74.1808181459099,2.586689205702181,133.653112750841,0.0109610737425989,79.93272147427382,1210.2667589363837,158.42949686579504
2025-02-01 00:12:00,81.35944096414886,2.5564720103390477,104.45814443923508,0.019463550464711,82.99292198884403,1373.7738160774709,160.80529376613256
2025-02-01 00:13:00,68.68667055180431,2.7210170409193566,110.11154678950476,0.0129120870228785,81.5485384222549,1417.8853267602815,191.2005409241882
2025-02-01 00:14:00,76.41398250999508,2.6681757920340265,103.55221775147982,0.0372064758947165,76.50042006606566,1616.195321230507,176.53079643385414
2025-02-01 00:15:00,80.07495041001117,2.3766183678544053,119.73560138074986,0.0214500581041584,81.90755476896932,1575.5826810710178,183.30197487621203
2025-02-01 00:16:00,120.00212814286846,3.647791699384849,189.5462610690132,0.0368874999166219,113.93036636174328,2418.193206742262,302.7439159696549
2025-02-01 00:17:00,78.14681956134483,2.1547589634141437,129.38490214581728,0.0310722003715364,76.9662482137937,1412.8111273179827,197.5652743772085
2025-02-01 00:18:00,77.89893429844248,2.6014564115181766,120.83727385488577,0.0168920806120021,77.5324532093068,1325.8927500137156,206.59078439351424
2025-02-01 00:19:00,71.79494775779752,2.4778047668588066,98.86549474475098,-0.0006258113637374,78.24618517542126,1516.055829052945,154.16859201589946
2025-02-01 00:20:00,70.77556059333206,2.4807282604856296,108.49339402226994,0.021611684206577,79.46423399742604,1393.6941889826246,169.06918546907207
2025-02-01 00:21:00,83.40355271631924,2.745889217856727,117.69292777587998,0.0132875616487499,79.0557880406694,1624.503188834801,179.66303998401733
2025-02-01 00:22:00,79.17304128034938,2.498561012581929,128.89968197396837,0.018590792946316,86.5500013580497,1535.0419412489184,185.5279900731529
2025-02-01 00:23:00,71.58053198660095,2.5504195026956955,119.59555020763094,0.0271550570543512,80.21648996124797,1478.1816289058086,182.86769355473365
2025-02-01 00:24:00,70.88068777165269,2.572730728969778,132.57570959410648,0.0100673392035535,86.0848733557107,1484.777765491286,154.98146643029696
2025-02-01 00:25:00,81.52823538560065,2.123522433398303,141.4987297748242,0.0225393577722474,76.83747471931999,1762.7879571555666,183.5992786157161
2025-02-01 00:26:00,77.36400744597553,3.034234768845611,124.69074440136002,-0.0015946816040132,85.82277243738748,1401.6522583393005,203.8175108508348
2025-02-01 00:27:00,74.03983154291548,2.4665691741533498,124.56902516192774,0.0180469347151845,78.75132826625735,1349.779951606612,193.59713947486009
2025-02-01 00:28:00,75.62908521559338,2.4957001623028403,115.44906893510536,0.0216057989913774,86.80239347731232,1633.1702861436288,155.40539073871233
2025-02-01 00:29:00,81.63534020037972,2.595561845733244,127.20219340630632,0.0212131875129366,81.91588862767816,1488.8230330968806,194.06942784395912
2025-02-01 00:30:00,69.69558586254422,2.3268142743258604,122.64753590377752,0.0132790731457586,79.55643359501921,1507.012058502807,211.0589361698835
2025-02-01 00:31:00,72.58286303883722,2.799730421305347,116.53402822666467,0.0245142115200598,69.75625048422931,1573.7564742522786,187.7034606901518
2025-02-01 00:32:00,72.26419956330828,2.386610160029271,127.70554323425075,0.0317249761876275,74.84330182711032,1523.9116796839517,186.4443574393379
2025-02-01 00:33:00,73.8727064781997,2.513355111925636,115.07611583850368,0.0199817511691696,79.05121296413772,1484.2718840642929,170.35051138542087
2025-02-01 00:34:00,70.74613956295839,2.418893436205237,133.3699344167363,0.013293383819261,73.4606207535524,1370.017963854846,195.77138622956275
2025-02-01 00:35:00,78.19378938206114,2.574041009209367,121.94207468344352,0.0225327355444253,77.53547851664372,1391.6444255571566,213.90396817081327
2025-02-01 00:36:00,73.47599157101114,2.955601496848112,119.06140230954308,0.0279100150505012,87.45734805492847,1425.7148485770986,157.74839323326526
2025-02-01 00:37:00,75.06307413128958,2.421139167615014,129.4817079030406,0.0202837581704967,83.1082847351011,1491.4574158015942,186.6998440254609
2025-02-01 00:38:00,71.8193409617469,2.587992858528821,127.31149095615883,0.0061519920183276,80.86242348891376,1384.4898004319732,167.01216351132246
2025-02-01 00:39:00,125.8381148678178,3.629691027189711,128.89538954217798,0.0287904411166295,120.80598143345676,2165.8045193135595,281.1677917930512
2025-02-01 00:40:00,82.58879413274971,2.660821578512897,122.38581140004456,0.0203288580632943,78.33569459595554,1644.765491757199,165.28262874314655
2025-02-01 00:41:00,73.42394755922741,2.352342228351898,109.52203924794446,0.0263525578840845,93.21242774020224,1481.1747968408083,175.59627580737987
2025-02-01 00:42:00,71.14043330723949,2.4659565728928805,126.04895197996542,0.0293438980332753,85.86137158906843,1662.7369143788756,147.98721025551575
2025-02-01 00:43:00,78.8559532091783,2.343434501173366,130.14329807905418,0.025863720983206,81.95953115574758,1552.8837639466774,202.0590004600808
2025-02-01 00:44:00,71.88276457036258,2.8262128313739154,132.68565144490802,0.0258001737910153,86.41086979337473,1524.422242356114,188.19445310015192
2025-02-01 00:45:00,80.21518427171642,2.480271913927393,107.6955792304077,0.0083977134599108,75.47239933062787,1694.897475131745,169.80522895426566
2025-02-01 00:46:00,82.60991383550017,2.648105277200789,110.06789154607826,0.0168261459259416,78.57942919020245,1490.025051217272,198.4275989288728
2025-02-01 00:47:00,77.93173511642776,3.0758065344066727,130.49347114400754,0.0396577049827295,72.57623619500038,1513.5656743777129,183.81929092493928
2025-02-01 00:48:00,77.12348330170587,2.722098529941755,123.86155640677572,0.0206272396511349,80.80320363197427,1457.3820202417216,219.87638390591545
2025-02-01 00:49:00,70.18781880987478,2.251298953420825,125.01269581463602,0.003517123846141,79.64197655454049,1404.9016245464984,205.71920820887223
2025-02-01 00:50:00,77.26598486359866,2.419181907495444,119.72029251603205,0.0133189849350163,75.07506517306959,1516.7024648228908,167.09887555307736
2025-02-01 00:51:00,83.07919186051318,2.460493936160063,116.50917720999075,0.0171022405450507,82.57957201560572,1431.510921628145,177.61224571934514
2025-02-01 00:52:00,71.95883970686315,2.118373937556921,97.73939128134926,0.0193829088373512,88.14878919283075,1442.464620855187,224.85440590880927
2025-02-01 00:53:00,77.05337214090441,2.835136578669819,123.01392725542011,0.0203919318551593,85.9505379019979,1491.311142030401,181.9748866588388
2025-02-01 00:54:00,100.60423730390744,3.740336151976576,173.65658454937028,0.0235157683375218,119.89528769866952,2302.424769438896,252.5082430242434
2025-02-01 00:55:00,70.41395877867231,3.0209039552888086,133.65884610421725,0.0226994993950934,79.8683052614775,1425.096656433352,176.36739270345967
2025-02-01 00:56:00,67.77840614187052,2.4343352536953,120.92093832536216,0.0233697265456773,78.32399229583747,1601.2363512301597,169.5524945662217
2025-02-01 00:57:00,67.6330051517893,2.344959387262365,115.79901455273227,0.0117013859934313,79.76488068931198,1532.3616865169097,188.790308117815
2025-02-01 00:58:00,75.8213518046906,2.673329843820761,124.37495217110538,0.0211146610028088,84.37396959393699,1413.827380760061,140.65635132204648
2025-02-01 00:59:00,77.80794495407294,2.446003810021348,120.41009553847184,0.0209742284701011,83.73568614639281,1345.8589409343565,175.29327835529233
2025-02-01 01:00:00,75.49550529992055,2.5483121308176853,133.30260018527235,0.0209610285814257,86.54685189561856,1578.830653105093,204.99734928700784
2025-02-01 01:01:00,70.5560200771821,2.5715131683217085,100.79293602105356,-0.0018359846447611,78.96536074267121,1703.739688857808,206.3651844707701
2025-02-01 01:02:00,78.84148794115889,2.6362487544353232,125.42809227288764,0.014479420510542,78.19673013228322,1642.6077816634152,185.7689578314388
2025-02-01 01:03:00,74.16931464509551,2.422236866759562,121.8124606312904,0.025084465845794,82.85340115370738,1318.2823462004517,208.0793583115632
2025-02-01 01:04:00,72.09810236915047,2.6118085212809383,114.56373300161322,0.0195704064999716,83.92107533532464,1557.6926454873303,152.5803090901512
2025-02-01 01:05:00,89.53876814691291,2.61507149702926,139.60279049344794,0.0316540865878773,74.32703509294046,1551.4779002623625,190.8390269716495
2025-02-01 01:06:00,66.63761563111346,2.4934910716930405,110.14128324928195,0.0180456902448207,74.1207759260497,1474.806749595967,174.53397015372755
2025-02-01 01:07:00,73.17665330515892,2.153079883968331,120.0124763088312,0.0135357590096797,86.12266112513372,1442.4046519979497,183.4011156795549
2025-02-01 01:08:00,74.06386796479441,2.3450175071865185,139.49046143799586,0.0087249800997596,79.26948717077151,1468.946084270715,202.2011350027941
2025-02-01 01:09:00,69.3774842706797,2.5570326633392853,122.27545293050665,0.0022365694868903,85.87902708685989,1656.5121845550125,178.04796052397637
2025-02-01 01:10:00,76.23939210112364,2.378141385415705,114.54272944276234,0.0099413199677615,73.87409089052856,1369.2907231811043,178.36629546784562
2025-02-01 01:11:00,75.09234874497693,2.574738681378829,121.85436466461792,0.0283806498042014,86.8008141049408,1541.4400308626552,134.76477217842165
2025-02-01 01:12:00,73.321319663598,2.6669054317749024,108.0720957139682,0.01289939300002,78.83991610158145,1420.3124202276804,215.31081390523605
2025-02-01 01:13:00,72.4440871763485,2.572875471524408,105.03210656843252,0.0209971101542102,72.94450522622472,1426.785949489212,198.83696754968344
2025-02-01 01:14:00,134.66740307194482,3.9437622425121295,132.58690652129047,0.0327484125870512,111.96463551689791,2329.6515470194413,254.64116263661217
2025-02-01 01:15:00,55.03103186510606,2.6027415374513048,123.9992186523174,0.0297077117377125,82.58312577308934,1565.6973479972196,174.0782513219339
2025-02-01 01:16:00,77.15938642083604,2.091783334173761,121.3957651542463,0.0103356504904146,68.71878982138868,1421.9974233176297,230.0687199299007
2025-02-01 01:17:00,79.92117659198934,2.5053311778228773,124.32327792769576,0.0069402454197164,80.10343872264062,1606.640696405807,189.91470318878336
2025-02-01 01:18:00,79.38859444407468,2.4284402268781395,128.42137628608202,0.0130314663954666,79.47313382387632,1425.0398548511305,152.04226491883583
2025-02-01 01:19:00,84.548082491697,2.289531082354313,114.74572932515302,0.0140901633893967,77.63479800158774,1617.1215300623126,168.4589173406561
2025-02-01 01:20:00,83.7263296984745,2.2578463410328617,130.81172075691055,0.0092512206902725,73.99008766124074,1422.9245757065223,194.8547604507865
2025-02-01 01:21:00,76.73881671693528,2.4530172765338265,116.0617139509977,0.0256001068734359,76.06930173405567,1526.6709005590385,224.30165679896885
2025-02-01 01:22:00,74.92077422720982,2.195980867291059,122.97802986527202,0.0238766115067606,87.95271381032599,1442.4549932197233,182.1376042026394
2025-02-01 01:23:00,103.68535217473712,3.296039347507401,182.3634159920889,0.0432051097791789,117.45389888840634,1707.0718831030858,227.90512077739672
2025-02-01 01:24:00,70.88123720376903,2.5102178758475806,110.1546083171332,0.006446721942618,77.24939838616478,1411.1146027824411,183.34672644995604
2025-02-01 01:25:00,65.62120592464301,2.7947766346076905,145.4297670059423,0.0305770958311644,70.06531919874033,1570.0223268565123,199.6350202496132
2025-02-01 01:26:00,80.15895645451863,2.69172963427792,117.73763585805602,0.0295694864781192,74.79439655450858,1370.3286849874655,195.40565856219524
2025-02-01 01:27:00,76.68181911364208,2.5781957354184586,103.3284620348818,0.0238626734748046,82.0704944756045,1553.562653695012,188.99842466564957
2025-02-01 01:28:00,78.95413666994556,2.582702244577227,112.64380099030132,0.0215393735242599,80.53261654603557,1456.9909920009295,180.4767717033965
2025-02-01 01:29:00,75.31949362663312,2.4765561222693866,113.4459662619771,0.0405268754252285,88.497208654004,1425.6603418175505,166.41391670980073
2025-02-01 01:30:00,77.15384022182442,2.1309619019355117,120.3649392114645,0.0207868821203649,75.63152050239071,1420.2680846185954,164.16199629279996
2025-02-01 01:31:00,69.83338491246886,2.408070915203892,114.96489876530562,0.0079128651825052,84.09661422060447,1691.9672928138602,170.98934205881434
2025-02-01 01:32:00,66.5157333285746,2.3004454328580914,124.88395832315383,0.0228557251411468,85.49120462829046,1593.8458168263955,166.89941182418534
2025-02-01 01:33:00,117.56445231000552,3.6204891724416495,191.45559228659704,0.063639896896313,114.07175367959996,2594.296047755221,267.75042221791296
2025-02-01 01:34:00,72.15537538064763,2.48339521246358,134.9051202001632,0.0142726601285921,81.30707154677685,1439.25551820993,214.05782212192707
2025-02-01 01:35:00,82.83049228653493,2.366685551728623,123.39976301550104,0.0207691453028537,73.49882149060758,1392.0512306722424,168.38610501514788
2025-02-01 01:36:00,77.03353092742994,2.314260727902246,118.97070362845751,0.0287640680044649,78.77081645680862,1698.546040556956,179.99264721784783
2025-02-01 01:37:00,73.48503491904427,2.174414397087611,129.0011129921587,0.0280096536592292,79.191308533775,1412.924291287172,160.68715488471614
2025-02-01 01:38:00,71.68955809900251,2.488317567256764,131.8289122158364,0.0149208627978784,76.98349355396307,1549.0877439302683,148.30108729779704
2025-02-01 01:39:00,76.00853038927829,2.659540093751895,114.02379626420878,0.0115086356268529,82.12393095817116,1373.0172523862216,185.61411198800428
